dPATH0401_dPATH0381,dPATH0401,dPATH0381
GHALL02202_GHALL02302,GHALL02202,GHALL02302
dPATH0333_dPATH0203,dPATH0333,dPATH0203
dPATH0082_dPATH0072,dPATH0082,dPATH0072
WELEV00KL2_WELEV00KL1,WELEV00KL2,WELEV00KL1
GHALL01002_GDEPT00702,GHALL01002,GDEPT00702
BHALL00602_BHALL01802,BHALL00602,BHALL01802
HHALL00603_HHALL00703,HHALL00603,HHALL00703
dPATH0153_dPATH0133,dPATH0153,dPATH0133
FHALL00501_FSERV00101,FHALL00501,FSERV00101
IHALL01303_IHALL01403,IHALL01303,IHALL01403
ADEPT00201_AHALL00601,AHALL00601,ADEPT00201
DHALL01802_DHALL02602,DHALL01802,DHALL02602
EHALL01601_EHALL01701,EHALL01601,EHALL01701
AHALL00401_ADEPT00101,ADEPT00101,AHALL00401
dPATH0303_dPATH0293,dPATH0303,dPATH0293
AHALL00603_AHALL00503,AHALL00603,AHALL00503
dPATH0162_dPATH0152,dPATH0162,dPATH0152
GHALL03001_GHALL03101,GHALL03001,GHALL03101
dPATH0251_dPATH0241,dPATH0251,dPATH0241
AHALL00102_ACONF00102,ACONF00102,AHALL00102
DHALL04202_DHALL04502,DHALL04202,DHALL04502
GHALL00901_GHALL01001,GHALL00901,GHALL01001
DHALL01602_DHALL01702,DHALL01602,DHALL01702
BHALL00602_BHALL00702,BHALL00602,BHALL00702
DHALL00502_DHALL00602,DHALL00502,DHALL00602
dPATH0073_dPATH0043,dPATH0073,dPATH0043
DHALL02002_DHALL02102,DHALL02002,DHALL02102
BHALL00202_BSTAI00202,BHALL00202,BSTAI00202
FHALL01201_FHALL01101,FHALL01201,FHALL01101
dPATH0223_dPATH0193,dPATH0223,dPATH0193
GHALL01102_GHALL01202,GHALL01102,GHALL01202
EREST00201_WELEV00F01,EREST00201,WELEV00F01
CHALL008L2_CHALL009L2,CHALL008L2,CHALL009L2
FHALL01401_FHALL01101,FHALL01401,FHALL01101
DHALL02202_DSTAI00302,DHALL02202,DSTAI00302
dPATH0631_dPATH0521,dPATH0631,dPATH0521
dPATH0233_dPATH0223,dPATH0233,dPATH0223
dPATH0531_dPATH0521,dPATH0531,dPATH0521
BHALL00602_BREST00202,BHALL00602,BREST00202
IHALL01303_IHALL01203,IHALL01303,IHALL01203
GHALL02201_GSERV02301,GHALL02201,GSERV02301
WELEV00M03_HHALL00503,WELEV00M03,HHALL00503
IHALL00203_IHALL00303,IHALL00203,IHALL00303
dPATH0433_dPATH0213,dPATH0433,dPATH0213
dPATH003L1_dPATH002L1,dPATH003L1,dPATH002L1
WELEV00LL2_WELEV00L01,WELEV00LL2,WELEV00L01
FHALL02601_FHALL03101,FHALL02601,FHALL03101
FHALL02701_FHALL03301,FHALL02701,FHALL03301
WELEV00LL2_WELEV00L02,WELEV00LL2,WELEV00L02
GHALL01501_GHALL01601,GHALL01501,GHALL01601
FHALL03101_FREST00101,FHALL03101,FREST00101
WELEV00LL2_WELEV00L03,WELEV00LL2,WELEV00L03
GHALL01202_GHALL01002,GHALL01202,GHALL01002
GELEV00QL1_GELEV00Q03,GELEV00QL1,GELEV00Q03
GELEV00QL1_GELEV00Q02,GELEV00QL1,GELEV00Q02
dPATH0411_dPATH0401,dPATH0411,dPATH0401
EHALL00901_EHALL01101,EHALL00901,EHALL01101
FHALL00101_FHALL00201,FHALL00101,FHALL00201
GELEV00QL1_GELEV00Q01,GELEV00QL1,GELEV00Q01
dPATH0451_dPATH0461,dPATH0451,dPATH0461
AHALL00302_AHALL00402,AHALL00402,AHALL00302
WELEV00LL1_CHALL001L1,WELEV00LL1,CHALL001L1
AHALL00102_AHALL00202,AHALL00202,AHALL00102
dPATH0371_dPATH0361,dPATH0371,dPATH0361
GHALL01103_GREST01203,GHALL01103,GREST01203
FDEPT00501_FEXIT00301,FDEPT00501,FEXIT00301
FHALL00801_FHALL00701,FHALL00801,FHALL00701
GHALL003L1_GHALL004L1,GHALL003L1,GHALL004L1
GELEV00Q01_GELEV00Q02,GELEV00Q01,GELEV00Q02
GELEV00Q01_GELEV00Q03,GELEV00Q01,GELEV00Q03
DHALL02502_DDEPT00102,DHALL02502,DDEPT00102
dPATH0201_dPATH0181,dPATH0201,dPATH0181
WHALL00201_ESTAI00101,WHALL00201,ESTAI00101
dPATH0361_dPATH000L1,dPATH000L1,dPATH0361
dPATH0273_dPATH0253,dPATH0273,dPATH0253
GHALL00103_GHALL00203,GHALL00103,GHALL00203
BHALL01302_BINFO00202,BHALL01302,BINFO00202
DHALL04002_DSTAI00702,DHALL04002,DSTAI00702
GHALL010L2_GHALL011L2,GHALL010L2,GHALL011L2
dPATH006L2_dPATH005L2,dPATH006L2,dPATH005L2
dPATH0171_dPATH0111,dPATH0171,dPATH0111
GHALL02801_GHALL02901,GHALL02801,GHALL02901
GHALL02202_WHALL00802,GHALL02202,WHALL00802
dPATH0112_dPATH0092,dPATH0112,dPATH0092
dPATH0082_dPATH0023,dPATH0023,dPATH0082
dPATH0663_dPATH0653,dPATH0663,dPATH0653
GHALL03001_GHALL03301,GHALL03001,GHALL03301
DHALL04202_DHALL04302,DHALL04202,DHALL04302
DHALL03702_DELEV00C02,DHALL03702,DELEV00C02
dPATH0503_dPATH0483,dPATH0503,dPATH0483
dPATH0583_dPATH0563,dPATH0583,dPATH0563
ESTAI00201_EEXIT00101,ESTAI00201,EEXIT00101
BREST00302_BSTAI00902,BREST00302,BSTAI00902
WHALL002L2_GHALL001L2,WHALL002L2,GHALL001L2
dPATH016L1_dPATH015L1,dPATH016L1,dPATH015L1
BHALL02002_BHALL04202,BHALL02002,BHALL04202
GSTAI02802_GHALL02902,GSTAI02802,GHALL02902
GHALL005L1_GSTAI008L1,GHALL005L1,GSTAI008L1
ESTAI00101_EHALL00301,ESTAI00101,EHALL00301
dPATH0122_dPATH0102,dPATH0122,dPATH0102
BHALL03102_BSTAI00802,BHALL03102,BSTAI00802
DHALL04902_DREST00302,DHALL04902,DREST00302
GHALL02102_GHALL02302,GHALL02102,GHALL02302
AHALL01001_AHALL00101,AHALL01001,AHALL00101
HHALL00102_HHALL00402,HHALL00102,HHALL00402
GHALL005L2_GELEV00QL2,GHALL005L2,GELEV00QL2
GHALL03401_GRETL03501,GHALL03401,GRETL03501
dPATH0193_dPATH0173,dPATH0193,dPATH0173
IHALL00503_IDEPT00303,IHALL00503,IDEPT00303
dPATH0091_dPATH0081,dPATH0091,dPATH0081
GHALL01701_GELEV00Q01,GHALL01701,GELEV00Q01
dPATH0012_dPATH0002,dPATH0012,dPATH0002
AHALL00501_AHALL00601,AHALL00601,AHALL00501
BHALL01402_WHALL00102,BHALL01402,WHALL00102
DHALL02102_DRETL00102,DHALL02102,DRETL00102
DHALL05402_DHALL05802,DHALL05402,DHALL05802
EHALL03101_EHALL03401,EHALL03101,EHALL03401
DHALL05502_DHALL05602,DHALL05502,DHALL05602
FHALL02301_FHALL02401,FHALL02301,FHALL02401
dPATH0033_dPATH0013,dPATH0033,dPATH0013
EHALL00501_EHALL00601,EHALL00501,EHALL00601
GSTAI008L1_GSTAI01301,GSTAI008L1,GSTAI01301
CDEPT004L1_CHALL002L1,CDEPT004L1,CHALL002L1
dPATH005L1_dPATH004L1,dPATH005L1,dPATH004L1
BREST00102_BHALL03402,BREST00102,BHALL03402
dPATH0211_dPATH0201,dPATH0211,dPATH0201
dPATH0451_dPATH0421,dPATH0451,dPATH0421
EHALL00701_WELEV00J01,EHALL00701,WELEV00J01
EHALL02201_WELEV00E01,EHALL02201,WELEV00E01
DHALL03102_DHALL03202,DHALL03102,DHALL03202
CHALL008L1_CDEPT004L1,CHALL008L1,CDEPT004L1
dPATH0553_dPATH0533,dPATH0553,dPATH0533
DHALL01402_DELEV00A02,DHALL01402,DELEV00A02
GHALL02002_GHALL02102,GHALL02002,GHALL02102
dPATH0613_dPATH0593,dPATH0613,dPATH0593
GHALL03802_GHALL03402,GHALL03802,GHALL03402
FHALL02201_WELEV00M01,FHALL02201,WELEV00M01
GDEPT02402_GHALL03002,GDEPT02402,GHALL03002
CLABS004L1_CLABS003L1,CLABS004L1,CLABS003L1
GINFO01902_GHALL01802,GINFO01902,GHALL01802
dPATH0473_dPATH0453,dPATH0473,dPATH0453
GHALL03002_GREST03102,GHALL03002,GREST03102
GDEPT03502_GHALL03002,GDEPT03502,GHALL03002
FHALL01801_FHALL00701,FHALL01801,FHALL00701
BHALL04402_WELEV00F02,BHALL04402,WELEV00F02
BDEPT00902_WELEV00E02,BDEPT00902,WELEV00E02
FRETL00101_FHALL00401,FRETL00101,FHALL00401
GHALL00201_GHALL00301,GHALL00201,GHALL00301
dPATH0463_dPATH0453,dPATH0463,dPATH0453
FSTAI00201_FHALL01001,FSTAI00201,FHALL01001
HHALL00903_HHALL01003,HHALL00903,HHALL01003
BHALL00202_BHALL00502,BHALL00202,BHALL00502
HHALL00802_HHALL00902,HHALL00802,HHALL00902
dPATH0351_dPATH0291,dPATH0351,dPATH0291
GHALL03702_GHALL03602,GHALL03702,GHALL03602
EDEPT00401_EHALL03101,EDEPT00401,EHALL03101
CLABS003L1_CHALL006L1,CLABS003L1,CHALL006L1
IHALL00803_IHALL01003,IHALL00803,IHALL01003
HHALL01002_HDEPT00102,HHALL01002,HDEPT00102
FHALL00701_WELEV00L01,FHALL00701,WELEV00L01
BHALL00402_BHALL03102,BHALL00402,BHALL03102
dPATH0641_dPATH0631,dPATH0641,dPATH0631
dPATH0021_dPATH0011,dPATH0021,dPATH0011
dPATH0123_dPATH0103,dPATH0123,dPATH0103
EHALL02501_EHALL02801,EHALL02501,EHALL02801
FHALL02501_FHALL02601,FHALL02501,FHALL02601
GLABS003L2_GREST004L2,GLABS003L2,GREST004L2
DHALL05302_DHALL05402,DHALL05302,DHALL05402
FHALL02201_FHALL02801,FHALL02201,FHALL02801
EHALL00301_EHALL00401,EHALL00301,EHALL00401
DHALL03302_DHALL03402,DHALL03302,DHALL03402
GDEPT01901_GCONF02001,GDEPT01901,GCONF02001
WHALL00902_GHALL03702,WHALL00902,GHALL03702
dPATH0113_dPATH0103,dPATH0113,dPATH0103
HHALL01103_HDEPT00203,HHALL01103,HDEPT00203
HHALL00702_HSTAI00202,HHALL00702,HSTAI00202
dPATH0141_dPATH0121,dPATH0141,dPATH0121
DHALL01102_DHALL01202,DHALL01102,DHALL01202
AHALL00102_AHALL00602,AHALL00602,AHALL00102
IHALL00403_IREST00203,IHALL00403,IREST00203
DHALL02702_DINFO00102,DHALL02702,DINFO00102
dPATH010L2_dPATH009L2,dPATH010L2,dPATH009L2
dPATH0183_dPATH0173,dPATH0183,dPATH0173
BHALL00302_WELEV00K02,BHALL00302,WELEV00K02
GHALL00601_GSTAI01301,GHALL00601,GSTAI01301
WELEV00J02_WELEV00J03,WELEV00J02,WELEV00J03
DHALL01202_DCONF00102,DHALL01202,DCONF00102
BSTAI00802_ESTAI00401,BSTAI00802,ESTAI00401
AHALL00801_AHALL00401,AHALL00401,AHALL00801
GHALL03402_GHALL02902,GHALL03402,GHALL02902
BINFO00202_WELEV00F02,BINFO00202,WELEV00F02
dPATH0103_dPATH0093,dPATH0103,dPATH0093
IHALL01303_IREST00403,IHALL01303,IREST00403
dPATH0052_dPATH0032,dPATH0052,dPATH0032
dPATH008L2_dPATH007L2,dPATH008L2,dPATH007L2
dPATH0601_dPATH0591,dPATH0601,dPATH0591
BHALL02102_BSERV00102,BHALL02102,BSERV00102
dPATH0051_dPATH0041,dPATH0051,dPATH0041
FSERV00301_FHALL02001,FSERV00301,FHALL02001
dPATH012L1_dPATH011L1,dPATH012L1,dPATH011L1
GELEV00QL2_GHALL007L2,GELEV00QL2,GHALL007L2
dPATH0343_dPATH0303,dPATH0343,dPATH0303
dPATH0271_dPATH0111,dPATH0271,dPATH0111
WELEV00M01_WELEV00M03,WELEV00M01,WELEV00M03
BHALL01202_BHALL01302,BHALL01202,BHALL01302
WELEV00M01_WELEV00M02,WELEV00M01,WELEV00M02
DHALL02202_DHALL02302,DHALL02202,DHALL02302
EHALL03001_ESTAI00301,EHALL03001,ESTAI00301
DHALL03202_DSTAI00502,DHALL03202,DSTAI00502
AHALL00403_AHALL00503,AHALL00503,AHALL00403
BINFO00102_BHALL04402,BINFO00102,BHALL04402
CHALL006L2_CHALL007L2,CHALL006L2,CHALL007L2
AHALL002L2_AHALL003L2,AHALL002L2,AHALL003L2
AHALL00901_AHALL00201,AHALL00201,AHALL00901
IHALL00403_IHALL00503,IHALL00403,IHALL00503
GHALL01003_GHALL01303,GHALL01003,GHALL01303
dPATH001L1_dPATH000L1,dPATH001L1,dPATH000L1
WELEV00JL2_WELEV00J03,WELEV00JL2,WELEV00J03
FDEPT00201_FHALL02001,FDEPT00201,FHALL02001
BHALL03002_BREST00502,BHALL03002,BREST00502
DHALL02702_DHALL02802,DHALL02702,DHALL02802
WELEV00JL2_WELEV00J01,WELEV00JL2,WELEV00J01
WELEV00JL2_WELEV00J02,WELEV00JL2,WELEV00J02
FHALL00301_FHALL00401,FHALL00301,FHALL00401
CHALL010L2_CHALL004L2,CHALL010L2,CHALL004L2
dPATH0491_dPATH0481,dPATH0491,dPATH0481
AHALL01001_ASTAI00101,AHALL01001,ASTAI00101
dPATH0072_dPATH0052,dPATH0072,dPATH0052
DHALL01202_DHALL01302,DHALL01202,DHALL01302
CRETL001L1_CHALL012L1,CRETL001L1,CHALL012L1
GHALL00302_GHALL00402,GHALL00302,GHALL00402
WHALL001L2_WHALL002L2,WHALL001L2,WHALL002L2
dPATH0581_dPATH0071,dPATH0581,dPATH0071
BHALL03702_BHALL03602,BHALL03702,BHALL03602
IHALL01703_IHALL01803,IHALL01703,IHALL01803
dPATH0693_dPATH0683,dPATH0693,dPATH0683
CHALL009L1_CRETL001L1,CHALL009L1,CRETL001L1
dPATH0152_dPATH0122,dPATH0152,dPATH0122
FDEPT00101_FHALL01301,FDEPT00101,FHALL01301
HHALL00303_HHALL00103,HHALL00303,HHALL00103
HHALL00902_WHALL00702,HHALL00902,WHALL00702
GSTAI00501_GHALL00601,GSTAI00501,GHALL00601
GELEV00Q02_GELEV00Q03,GELEV00Q02,GELEV00Q03
AHALL002L2_AINFO001L2,AINFO001L2,AHALL002L2
FHALL00201_FSTAI00101,FHALL00201,FSTAI00101
WHALL00302_WHALL00402,WHALL00302,WHALL00402
EHALL01101_EHALL01501,EHALL01101,EHALL01501
CREST003L1_CHALL015L1,CREST003L1,CHALL015L1
FDEPT00401_FHALL02101,FDEPT00401,FHALL02101
FHALL00401_FHALL00501,FHALL00401,FHALL00501
HHALL00203_HLABS00103,HHALL00203,HLABS00103
BHALL01002_BHALL01602,BHALL01002,BHALL01602
GHALL02401_GELEV00N01,GHALL02401,GELEV00N01
DHALL00102_DHALL00202,DHALL00102,DHALL00202
EHALL00701_EDEPT00101,EHALL00701,EDEPT00101
BHALL03502_BHALL00302,BHALL03502,BHALL00302
FHALL01601_FHALL01501,FHALL01601,FHALL01501
CREST002L2_CSERV001L2,CREST002L2,CSERV001L2
AHALL00203_AHALL00303,AHALL00303,AHALL00203
dPATH0313_dPATH0293,dPATH0313,dPATH0293
GHALL00603_GHALL00703,GHALL00603,GHALL00703
IHALL00603_IHALL00703,IHALL00603,IHALL00703
GHALL01003_GHALL01103,GHALL01003,GHALL01103
IHALL01703_IHALL01603,IHALL01703,IHALL01603
dPATH0341_dPATH0231,dPATH0341,dPATH0231
dPATH0181_dPATH0171,dPATH0181,dPATH0171
GHALL00701_GHALL00801,GHALL00701,GHALL00801
EREST00101_EEXIT00201,EREST00101,EEXIT00201
FHALL00901_FHALL01301,FHALL00901,FHALL01301
BHALL02502_BHALL02602,BHALL02502,BHALL02602
GHALL001L2_GLABS003L2,GHALL001L2,GLABS003L2
DHALL05002_DHALL05202,DHALL05002,DHALL05202
HHALL00803_HSERV00103,HHALL00803,HSERV00103
dPATH0423_dPATH0213,dPATH0423,dPATH0213
DHALL05202_DREST00402,DHALL05202,DREST00402
GHALL01602_GHALL01402,GHALL01602,GHALL01402
DHALL01302_DHALL01402,DHALL01302,DHALL01402
CHALL015L1_CHALL011L1,CHALL015L1,CHALL011L1
DHALL01202_DHALL01502,DHALL01202,DHALL01502
dPATH0011_dPATH0001,dPATH0011,dPATH0001
DHALL03902_DDEPT00302,DHALL03902,DDEPT00302
DHALL03002_DELEV00B02,DHALL03002,DELEV00B02
IHALL01803_IHALL01903,IHALL01803,IHALL01903
CCONF002L1_WELEV00HL1,CCONF002L1,WELEV00HL1
GREST03102_GHALL03202,GREST03102,GHALL03202
FHALL02901_FHALL02801,FHALL02901,FHALL02801
BREST00502_BHALL02902,BREST00502,BHALL02902
WELEV00H02_WELEV00H03,WELEV00H02,WELEV00H03
BHALL00502_BDEPT00402,BHALL00502,BDEPT00402
dPATH0213_dPATH0153,dPATH0213,dPATH0153
CHALL003L2_CHALL002L2,CHALL003L2,CHALL002L2
EHALL01801_WELEV00G01,EHALL01801,WELEV00G01
dPATH0321_dPATH0301,dPATH0321,dPATH0301
EHALL00801_EHALL00901,EHALL00801,EHALL00901
DHALL03602_DHALL03702,DHALL03602,DHALL03702
AHALL00901_AHALL01001,AHALL00901,AHALL01001
dPATH0281_dPATH0271,dPATH0281,dPATH0271
DHALL03402_DHALL03502,DHALL03402,DHALL03502
dPATH0591_dPATH0581,dPATH0591,dPATH0581
GHALL01402_GHALL01302,GHALL01402,GHALL01302
DHALL00902_DSTAI00102,DHALL00902,DSTAI00102
CHALL001L2_WELEV00JL2,CHALL001L2,WELEV00JL2
DHALL02802_DSTAI00402,DHALL02802,DSTAI00402
dPATH0041_dPATH0021,dPATH0041,dPATH0021
GHALL01702_GINFO01902,GHALL01702,GINFO01902
IHALL01003_IDEPT00503,IHALL01003,IDEPT00503
WELEV00L01_WELEV00L02,WELEV00L01,WELEV00L02
WELEV00L01_WELEV00L03,WELEV00L01,WELEV00L03
GHALL00301_GHALL02101,GHALL00301,GHALL02101
DHALL00202_DHALL00302,DHALL00202,DHALL00302
DHALL02602_DHALL02502,DHALL02602,DHALL02502
CHALL005L2_CHALL006L2,CHALL005L2,CHALL006L2
FHALL01901_FHALL01601,FHALL01901,FHALL01601
GHALL01002_GREST00602,GHALL01002,GREST00602
AHALL00101_ARETL00101,ARETL00101,AHALL00101
GLABS015L2_GHALL016L2,GLABS015L2,GHALL016L2
IHALL00503_IHALL00603,IHALL00503,IHALL00603
dPATH0172_dPATH0162,dPATH0172,dPATH0162
AELEV00SL2_AHALL001L2,AHALL001L2,AELEV00SL2
HHALL00703_HDEPT00103,HHALL00703,HDEPT00103
DHALL02902_DHALL03102,DHALL02902,DHALL03102
DHALL04702_DHALL04802,DHALL04702,DHALL04802
GHALL00701_GHALL01701,GHALL00701,GHALL01701
dPATH0143_dPATH0133,dPATH0143,dPATH0133
WHALL00902_WHALL01002,WHALL00902,WHALL01002
BHALL01902_BDEPT00502,BHALL01902,BDEPT00502
dPATH0523_dPATH0493,dPATH0523,dPATH0493
dPATH0413_dPATH0383,dPATH0413,dPATH0383
CHALL002L2_CREST001L2,CHALL002L2,CREST001L2
DHALL02302_DHALL02402,DHALL02302,DHALL02402
FSERV00501_FHALL02901,FSERV00501,FHALL02901
GHALL009L2_GHALL010L2,GHALL009L2,GHALL010L2
CHALL010L1_CREST003L1,CHALL010L1,CREST003L1
dPATH0621_dPATH0591,dPATH0621,dPATH0591
IHALL01003_IHALL00903,IHALL01003,IHALL00903
HHALL00803_HHALL00903,HHALL00803,HHALL00903
BDEPT00202_BHALL03402,BDEPT00202,BHALL03402
GHALL007L2_GHALL009L2,GHALL007L2,GHALL009L2
dPATH001L2_dPATH000L2,dPATH001L2,dPATH000L2
FSERV00401_FHALL01701,FSERV00401,FHALL01701
GHALL03602_GDEPT03502,GHALL03602,GDEPT03502
DHALL05602_DHALL05702,DHALL05602,DHALL05702
EHALL02001_ELABS00101,EHALL02001,ELABS00101
GELEV00Q03_GHALL00603,GELEV00Q03,GHALL00603
CHALL008L2_WELEV00LL2,CHALL008L2,WELEV00LL2
GHALL00202_GHALL00102,GHALL00202,GHALL00102
dPATH0561_dPATH0551,dPATH0561,dPATH0551
GHALL00601_GHALL00701,GHALL00601,GHALL00701
WELEV00KL1_CHALL009L1,WELEV00KL1,CHALL009L1
WHALL00102_WHALL00202,WHALL00102,WHALL00202
dPATH0383_dPATH0363,dPATH0383,dPATH0363
dPATH0121_dPATH0101,dPATH0121,dPATH0101
dPATH0013_dPATH0003,dPATH0013,dPATH0003
AHALL00402_AHALL00502,AHALL00502,AHALL00402
IHALL00803_IREST00303,IHALL00803,IREST00303
dPATH0042_dPATH0032,dPATH0042,dPATH0032
GHALL02902_GHALL02702,GHALL02902,GHALL02702
AHALL00202_ASTAI00102,ASTAI00102,AHALL00202
CLABS002L1_CHALL005L1,CLABS002L1,CHALL005L1
HHALL00102_HHALL00202,HHALL00102,HHALL00202
WELEV00ML2_CREST002L2,WELEV00ML2,CREST002L2
HHALL00302_HSTAI00102,HHALL00302,HSTAI00102
IHALL00703_IHALL00803,IHALL00703,IHALL00803
WELEV00G01_EHALL01901,WELEV00G01,EHALL01901
GHALL011L2_GHALL012L2,GHALL011L2,GHALL012L2
ESTAI00301_EREST00301,ESTAI00301,EREST00301
CHALL001L1_CREST001L1,CHALL001L1,CREST001L1
FHALL01701_FHALL01801,FHALL01701,FHALL01801
dPATH0453_dPATH0443,dPATH0453,dPATH0443
DHALL04502_DHALL04602,DHALL04502,DHALL04602
FHALL01901_FHALL02101,FHALL01901,FHALL02101
GHALL03302_GHALL03202,GHALL03302,GHALL03202
DDEPT00302_DHALL04002,DDEPT00302,DHALL04002
GHALL00601_GREST01201,GHALL00601,GREST01201
BSTAI00902_WHALL00602,BSTAI00902,WHALL00602
CREST001L2_CLABS001L2,CREST001L2,CLABS001L2
BDEPT00902_BHALL01402,BDEPT00902,BHALL01402
AHALL00602_WHALL01002,AHALL00602,WHALL01002
GHALL005L1_GHALL006L1,GHALL005L1,GHALL006L1
FHALL00601_FHALL00501,FHALL00601,FHALL00501
AHALL002L2_AEXIT001L2,AHALL002L2,AEXIT001L2
IHALL00103_IREST00103,IHALL00103,IREST00103
GHALL01401_GHALL00801,GHALL01401,GHALL00801
dPATH0631_dPATH0621,dPATH0621,dPATH0631
GDEPT02402_GHALL01702,GDEPT02402,GHALL01702
CHALL015L1_CCONF001L1,CHALL015L1,CCONF001L1
FHALL02701_FHALL02601,FHALL02701,FHALL02601
HHALL00703_HHALL00803,HHALL00703,HHALL00803
dPATH0002_dPATH0591,dPATH0002,dPATH0581
dPATH0483_dPATH0453,dPATH0483,dPATH0453
GHALL012L2_GHALL013L2,GHALL012L2,GHALL013L2
BHALL00402_BREST00302,BHALL00402,BREST00302
CHALL008L1_WELEV00KL1,CHALL008L1,WELEV00KL1
BHALL01902_BHALL04102,BHALL01902,BHALL04102
dPATH0353_dPATH0343,dPATH0353,dPATH0343
WELEV00L01_FHALL00601,WELEV00L01,FHALL00601
BSTAI01002_BHALL00302,BSTAI01002,BHALL00302
dPATH0043_dPATH0033,dPATH0043,dPATH0033
GHALL006L1_GELEV007L1,GHALL006L1,GELEV00QL1
DHALL04602_DHALL04702,DHALL04602,DHALL04702
EHALL00601_EHALL00701,EHALL00601,EHALL00701
dPATH0481_dPATH0461,dPATH0481,dPATH0461
BHALL02602_BHALL02702,BHALL02602,BHALL02702
CLABS002L1_CREST001L1,CLABS002L1,CREST001L1
dPATH014L1_dPATH013L1,dPATH014L1,dPATH013L1
GSTAI00903_GSTAI02602,GSTAI00903,GSTAI02602
BHALL04102_WELEV00H02,BHALL04102,WELEV00H02
BHALL03102_BHALL03302,BHALL03102,BHALL03302
dPATH0633_dPATH0623,dPATH0633,dPATH0623
WELEV00ML2_WELEV00M03,WELEV00ML2,WELEV00M03
EHALL00801_EINFO00101,EHALL00801,EINFO00101
WELEV00ML2_WELEV00M01,WELEV00ML2,WELEV00M01
WELEV00ML2_WELEV00M02,WELEV00ML2,WELEV00M02
CHALL007L1_CHALL008L1,CHALL007L1,CHALL008L1
GHALL03302_GHALL03402,GHALL03302,GHALL03402
dPATH0221_dPATH0211,dPATH0221,dPATH0211
WELEV00K01_WELEV00K02,WELEV00K01,WELEV00K02
WELEV00K01_WELEV00K03,WELEV00K01,WELEV00K03
DHALL00302_DHALL00402,DHALL00302,DHALL00402
GELEV00QL2_GELEV00QL1,GELEV00QL2,GELEV00QL1
BSTAI00102_BHALL00102,BSTAI00102,BHALL00102
FHALL03101_FHALL00201,FHALL03101,FHALL00201
AHALL00103_AHALL00203,AHALL00203,AHALL00103
GHALL01102_GDEPT00702,GHALL01102,GDEPT00702
FSTAI00301_FHALL02501,FSTAI00301,FHALL02501
dPATH0323_dPATH0303,dPATH0323,dPATH0303
DHALL04502_DLABS00102,DHALL04502,DLABS00102
CHALL004L2_CHALL003L2,CHALL004L2,CHALL003L2
dPATH0071_dPATH0011,dPATH0071,dPATH0011
BHALL02602_BHALL01402,BHALL02602,BHALL01402
dPATH0381_dPATH0371,dPATH0381,dPATH0371
DHALL03502_DHALL03602,DHALL03502,DHALL03602
IHALL02203_IDEPT00603,IHALL02203,IDEPT00603
CLABS001L1_CREST002L1,CLABS001L1,CREST002L1
HSTAI00102_FSTAI00101,HSTAI00102,FSTAI00101
BREST00402_BHALL03202,BREST00402,BHALL03202
IHALL01303_IHALL00203,IHALL01303,IHALL00203
AHALL00202_AHALL00302,AHALL00302,AHALL00202
dPATH0403_dPATH0163,dPATH0403,dPATH0163
BSTAI00702_ESTAI00301,BSTAI00702,ESTAI00301
CHALL011L1_WELEV00JL1,CHALL011L1,WELEV00JL1
HHALL00902_WELEV00M02,HHALL00902,WELEV00M02
WELEV00M02_WELEV00M03,WELEV00M02,WELEV00M03
dPATH000L1_dPATH007L2,dPATH007L2,dPATH000L1
GHALL002L1_GHALL003L1,GHALL002L1,GHALL003L1
FHALL00901_FHALL00801,FHALL00901,FHALL00801
BSTAI00602_WELEV00E02,BSTAI00602,WELEV00E02
WHALL00202_DDEPT00402,WHALL00202,DDEPT00402
DHALL03302_DHALL04202,DHALL03302,DHALL04202
WELEV00M01_FHALL02301,WELEV00M01,FHALL02301
IHALL00103_IHALL00203,IHALL00103,IHALL00203
BDEPT00802_BSTAI00602,BDEPT00802,BSTAI00602
FHALL03201_FHALL01601,FHALL03201,FHALL01601
WHALL00702_WHALL00802,WHALL00702,WHALL00802
ASTAI00101_ASTAI00102,ASTAI00102,ASTAI00101
DHALL03902_DREST00202,DHALL03902,DREST00202
BHALL00902_BHALL03702,BHALL00902,BHALL03702
DHALL05402_DHALL05502,DHALL05402,DHALL05502
dPATH0431_dPATH0411,dPATH0431,dPATH0411
DHALL02802_DHALL02902,DHALL02802,DHALL02902
dPATH0511_dPATH0501,dPATH0511,dPATH0501
IHALL00703_IDEPT00403,IHALL00703,IDEPT00403
dPATH006L1_dPATH001L1,dPATH006L1,dPATH001L1
CSERV001L2_CLABS002L2,CSERV001L2,CLABS002L2
WELEV00F01_EHALL02601,WELEV00F01,EHALL02601
DHALL03102_DHALL03302,DHALL03102,DHALL03302
BHALL02002_BHALL02102,BHALL02002,BHALL02102
dPATH0501_dPATH0481,dPATH0501,dPATH0481
WELEV00J01_WELEV00J02,WELEV00J01,WELEV00J02
IHALL01903_IHALL02003,IHALL01903,IHALL02003
WELEV00J01_WELEV00J03,WELEV00J01,WELEV00J03
GHALL02702_GSTAI02602,GHALL02702,GSTAI02602
CHALL007L2_CHALL008L2,CHALL007L2,CHALL008L2
BDEPT00602_BHALL03302,BDEPT00602,BHALL03302
BSTAI01002_WELEV00K02,BSTAI01002,WELEV00K02
EHALL03301_ESTAI00401,EHALL03301,ESTAI00401
dPATH0173_dPATH0163,dPATH0173,dPATH0163
IHALL01203_IHALL01503,IHALL01203,IHALL01503
GHALL00203_GHALL00303,GHALL00203,GHALL00303
GELEV00N02_GELEV00N03,GELEV00N02,GELEV00N03
dPATH007L2_dPATH006L2,dPATH007L2,dPATH006L2
HHALL00503_HSTAI00103,HHALL00503,HSTAI00103
dPATH0203_dPATH0193,dPATH0203,dPATH0193
EHALL01601_EHALL01801,EHALL01601,EHALL01801
CHALL009L1_CHALL010L1,CHALL009L1,CHALL010L1
EHALL01801_EHALL02501,EHALL01801,EHALL02501
dPATH015L1_dPATH014L1,dPATH015L1,dPATH014L1
dPATH0351_dPATH0341,dPATH0351,dPATH0341
dPATH010L1_dPATH009L1,dPATH010L1,dPATH009L1
PHALL00102_DHALL02602,PHALL00102,DHALL02602
dPATH0053_dPATH0043,dPATH0053,dPATH0043
WELEV00JL1_WELEV00J01,WELEV00JL1,WELEV00J01
dPATH0142_dPATH0132,dPATH0142,dPATH0132
WELEV00JL1_WELEV00J03,WELEV00JL1,WELEV00J03
WELEV00JL1_WELEV00J02,WELEV00JL1,WELEV00J02
WHALL001L2_CHALL005L2,WHALL001L2,CHALL005L2
GHALL00803_GSTAI00903,GHALL00803,GSTAI00903
EDEPT00401_EHALL03201,EDEPT00401,EHALL03201
dPATH0421_dPATH0391,dPATH0421,dPATH0391
WHALL00103_WHALL00203,WHALL00103,WHALL00203
AHALL01001_AHALL00201,AHALL01001,AHALL00201
HHALL00302_WHALL00302,HHALL00302,WHALL00302
GEXIT00101_GSTAI01301,GEXIT00101,GSTAI01301
WELEV00JL2_WELEV00JL1,WELEV00JL2,WELEV00JL1
GHALL016L2_GHALL017L2,GHALL016L2,GHALL017L2
HRETL00202_HBATH00102,HRETL00202,HBATH00102
FDEPT00301_FHALL01701,FDEPT00301,FHALL01701
WELEV00L03_HHALL00603,WELEV00L03,HHALL00603
dPATH0253_dPATH0223,dPATH0253,dPATH0223
AHALL00501_AHALL00701,AHALL00701,AHALL00501
EHALL03101_EHALL03501,EHALL03101,EHALL03501
EHALL03201_EHALL03301,EHALL03201,EHALL03301
BINFO00102_BLABS00202,BINFO00102,BLABS00202
WELEV00KL2_WELEV00K01,WELEV00KL2,WELEV00K01
WELEV00KL2_WELEV00K02,WELEV00KL2,WELEV00K02
GEXIT001L1_GHALL002L1,GEXIT001L1,GHALL002L1
GHALL01401_GHALL01501,GHALL01401,GHALL01501
WELEV00KL2_WELEV00K03,WELEV00KL2,WELEV00K03
BHALL02202_BHALL02302,BHALL02202,BHALL02302
EHALL00901_EHALL01001,EHALL00901,EHALL01001
FHALL01401_FSERV00201,FHALL01401,FSERV00201
BSTAI00602_BDEPT00902,BSTAI00602,BDEPT00902
DHALL05802_DDEPT00402,DHALL05802,DDEPT00402
BHALL02202_BHALL02102,BHALL02202,BHALL02102
BHALL00502_WELEV00J02,BHALL00502,WELEV00J02
GHALL003L1_GHALL005L1,GHALL003L1,GHALL005L1
BSTAI00502_WELEV00G02,BSTAI00502,WELEV00G02
HHALL00202_HHALL00302,HHALL00202,HHALL00302
dPATH0231_dPATH0201,dPATH0231,dPATH0201
WELEV00J03_IHALL01803,WELEV00J03,IHALL01803
AHALL001L2_AHALL002L2,AHALL002L2,AHALL001L2
DHALL02502_DDEPT00202,DHALL02502,DDEPT00202
FHALL01801_FHALL03201,FHALL01801,FHALL03201
AHALL00801_AELEV00S01,AELEV00S01,AHALL00801
CHALL003L1_CLABS004L1,CHALL003L1,CLABS004L1
BHALL00702_BHALL01502,BHALL00702,BHALL01502
CHALL013L1_CDEPT002L1,CHALL013L1,CDEPT002L1
GHALL00402_GREST00602,GHALL00402,GREST00602
dPATH0151_dPATH0141,dPATH0151,dPATH0141
dPATH013L1_dPATH009L1,dPATH013L1,dPATH009L1
dPATH009L2_dPATH008L2,dPATH009L2,dPATH008L2
BSTAI00202_BHALL03802,BSTAI00202,BHALL03802
WELEV00M02_HHALL01002,WELEV00M02,HHALL01002
BHALL01202_BSTAI00502,BHALL01202,BSTAI00502
BHALL02702_BHALL02802,BHALL02702,BHALL02802
EHALL02101_EHALL02201,EHALL02101,EHALL02201
WELEV00L02_HHALL00102,WELEV00L02,HHALL00102
FHALL02901_FINFO00101,FHALL02901,FINFO00101
dPATH0062_dPATH0052,dPATH0062,dPATH0052
DHALL01502_DHALL01602,DHALL01502,DHALL01602
CCONF003L1_CHALL002L1,CCONF003L1,CHALL002L1
HHALL01503_HBATH00203,HHALL01503,HBATH00203
CHALL006L1_CHALL007L1,CHALL006L1,CHALL007L1
HHALL00903_HHALL01103,HHALL00903,HHALL01103
dPATH0023_dPATH0013,dPATH0023,dPATH0013
HHALL00802_HSTAI00302,HHALL00802,HSTAI00302
DHALL01002_DHALL01102,DHALL01002,DHALL01102
BHALL02302_BINFO00102,BHALL02302,BINFO00102
AHALL00901_AHALL00101,AHALL00101,AHALL00901
AHALL004L2_ALABS001L2,AHALL004L2,ALABS001L2
dPATH0112_dPATH0102,dPATH0112,dPATH0102
IHALL01403_IHALL01703,IHALL01403,IHALL01703
HHALL01103_HHALL01203,HHALL01103,HHALL01203
dPATH0022_dPATH0012,dPATH0022,dPATH0012
IHALL00303_IHALL00403,IHALL00303,IHALL00403
GELEV00Q01_GDEPT01901,GELEV00Q01,GDEPT01901
AHALL00503_ACONF00103,ACONF00103,AHALL00503
EHALL02601_EHALL02701,EHALL02601,EHALL02701
GHALL01802_GHALL02002,GHALL01802,GHALL02002
EHALL02401_EHALL02901,EHALL02401,EHALL02901
dPATH002L1_dPATH001L1,dPATH002L1,dPATH001L1
WHALL00502_WHALL00602,WHALL00502,WHALL00602
GDEPT00403_GHALL01003,GDEPT00403,GHALL01003
dPATH0243_dPATH0193,dPATH0243,dPATH0193
BDEPT00402_BHALL00602,BDEPT00402,BHALL00602
CLABS005L1_CHALL003L1,CLABS005L1,CHALL003L1
DHALL02602_DHALL02702,DHALL02602,DHALL02702
HHALL01503_HHALL00603,HHALL01503,HHALL00603
dPATH0391_dPATH0381,dPATH0391,dPATH0381
FHALL00201_FHALL00301,FHALL00201,FHALL00301
DHALL02102_DHALL02202,DHALL02102,DHALL02202
dPATH0062_dPATH0641,dPATH0062,dPATH0641
dPATH0101_dPATH0081,dPATH0101,dPATH0081
dPATH0283_dPATH0273,dPATH0283,dPATH0273
HHALL00402_HHALL00502,HHALL00402,HHALL00502
GHALL02002_GHALL02202,GHALL02002,GHALL02202
EHALL02501_EREST00201,EHALL02501,EREST00201
AELEV00S02_AELEV00S03,AELEV00S02,AELEV00S03
FHALL01501_FHALL01401,FHALL01501,FHALL01401
WHALL00203_IHALL00103,WHALL00203,IHALL00103
AHALL00303_AHALL00403,AHALL00403,AHALL00303
dPATH0192_dPATH0361,dPATH0192,dPATH0361
AHALL003L2_AHALL004L2,AHALL003L2,AHALL004L2
dPATH0331_dPATH0241,dPATH0331,dPATH0241
FSERV00501_FHALL03001,FSERV00501,FHALL03001
BHALL00502_BDEPT00302,BHALL00502,BDEPT00302
dPATH0603_dPATH0593,dPATH0603,dPATH0593
DHALL02502_DEXIT00102,DHALL02502,DEXIT00102
IHALL01003_IHALL01103,IHALL01003,IHALL01103
ADEPT00301_AHALL00701,AHALL00701,ADEPT00301
CDEPT003L1_CHALL014L1,CDEPT003L1,CHALL014L1
EHALL01501_EHALL01601,EHALL01501,EHALL01601
DHALL03702_DHALL03802,DHALL03702,DHALL03802
GHALL02101_GHALL02801,GHALL02101,GHALL02801
WELEV00HL1_WELEV00H03,WELEV00HL1,WELEV00H03
AHALL00502_ADEPT00102,ADEPT00102,AHALL00502
BSTAI00502_BDEPT00702,BSTAI00502,BDEPT00702
DHALL05102_DSTAI00802,DHALL05102,DSTAI00802
GHALL03702_GHALL03302,GHALL03702,GHALL03302
WELEV00HL1_WELEV00H02,WELEV00HL1,WELEV00H02
WELEV00HL1_WELEV00H01,WELEV00HL1,WELEV00H01
DHALL03002_DREST00102,DHALL03002,DREST00102
BCONF00102_BHALL03402,BCONF00102,BHALL03402
AREST00101_AHALL00901,AREST00101,AHALL00901
dPATH002L2_dPATH001L2,dPATH002L2,dPATH001L2
EDEPT00201_EDEPT00301,EDEPT00201,EDEPT00301
HHALL00502_HRETL00302,HHALL00502,HRETL00302
dPATH0613_dPATH0443,dPATH0613,dPATH0443
dPATH0451_dPATH0202,dPATH0202,dPATH0451
CHALL004L1_CREST004L1,CHALL004L1,CREST004L1
DHALL00902_DHALL01002,DHALL00902,DHALL01002
FHALL02401_FHALL02501,FHALL02401,FHALL02501
FHALL02801_FEXIT00201,FHALL02801,FEXIT00201
dPATH0563_dPATH0533,dPATH0563,dPATH0533
GHALL00502_GHALL00302,GHALL00502,GHALL00302
EHALL00401_EHALL00501,EHALL00401,EHALL00501
EDEPT00301_EHALL02101,EDEPT00301,EHALL02101
GHALL01502_GHALL01302,GHALL01502,GHALL01302
dPATH0093_dPATH0083,dPATH0093,dPATH0083
DHALL00602_DHALL00702,DHALL00602,DHALL00702
WELEV00HL1_CHALL004L1,WELEV00HL1,CHALL004L1
dPATH0373_dPATH0363,dPATH0373,dPATH0363
CHALL014L1_WELEV00LL1,CHALL014L1,WELEV00LL1
WELEV00H01_WELEV00H02,WELEV00H01,WELEV00H02
dPATH0111_dPATH0101,dPATH0111,dPATH0101
WELEV00H01_WELEV00H03,WELEV00H01,WELEV00H03
dPATH0513_dPATH0493,dPATH0513,dPATH0493
FHALL01101_FHALL00901,FHALL01101,FHALL00901
CLABS001L2_CHALL001L2,CLABS001L2,CHALL001L2
BHALL00302_BHALL03402,BHALL00302,BHALL03402
dPATH0102_dPATH0092,dPATH0102,dPATH0092
dPATH0653_dPATH0643,dPATH0653,dPATH0643
GELEV00N02_GDEPT02402,GELEV00N02,GDEPT02402
HHALL00503_HHALL00403,HHALL00503,HHALL00403
GHALL02102_GINFO01902,GHALL02102,GINFO01902
IHALL01203_WELEV00K03,IHALL01203,WELEV00K03
dPATH0551_dPATH0541,dPATH0551,dPATH0541
dPATH0461_dPATH0421,dPATH0461,dPATH0421
CHALL005L2_WELEV00ML2,CHALL005L2,WELEV00ML2
AHALL00101_AHALL00201,AHALL00201,AHALL00101
GDEPT00702_GHALL00502,GDEPT00702,GHALL00502
DHALL04302_DHALL04402,DHALL04302,DHALL04402
dPATH0182_dPATH0162,dPATH0182,dPATH0162
AELEV00SL2_AELEV00S03,AELEV00SL2,AELEV00S03
DHALL01602_DHALL01802,DHALL01602,DHALL01802
AELEV00SL2_AELEV00S01,AELEV00SL2,AELEV00S01
AHALL00402_AELEV00S02,AELEV00S02,AHALL00402
AELEV00SL2_AELEV00S02,AELEV00SL2,AELEV00S02
dPATH017L1_dPATH016L1,dPATH017L1,dPATH016L1
HHALL01003_HBATH00103,HHALL01003,HBATH00103
dPATH0521_dPATH0511,dPATH0521,dPATH0511
WELEV00ML1_WELEV00M02,WELEV00ML1,WELEV00M02
AHALL00203_ALABS00103,ALABS00103,AHALL00203
WELEV00ML1_WELEV00M03,WELEV00ML1,WELEV00M03
BHALL03502_BHALL00402,BHALL03502,BHALL00402
dPATH0163_dPATH0153,dPATH0163,dPATH0153
WELEV00ML1_WELEV00M01,WELEV00ML1,WELEV00M01
FHALL00101_WHALL00101,FHALL00101,WHALL00101
CSERV001L1_CCONF002L1,CSERV001L1,CCONF002L1
GDEPT00403_GELEV00Q03,GDEPT00403,GELEV00Q03
dPATH0593_dPATH0563,dPATH0593,dPATH0563
EHALL01901_EDEPT00201,EHALL01901,EDEPT00201
GELEV00N01_GELEV00N03,GELEV00N01,GELEV00N03
dPATH0261_dPATH0251,dPATH0261,dPATH0251
GELEV00N01_GELEV00N02,GELEV00N01,GELEV00N02
GHALL00603_GHALL00803,GHALL00603,GHALL00803
CHALL009L2_CHALL010L2,CHALL009L2,CHALL010L2
dPATH003L2_dPATH002L2,dPATH003L2,dPATH002L2
dPATH0683_dPATH0093,dPATH0683,dPATH0093
BSTAI00802_BREST00402,BSTAI00802,BREST00402
dPATH004L2_dPATH001L2,dPATH004L2,dPATH001L2
FHALL00301_FEXIT00101,FHALL00301,FEXIT00101
DHALL02902_DHALL03002,DHALL02902,DHALL03002
BHALL01902_BHALL02002,BHALL01902,BHALL02002
BHALL01202_WELEV00G02,BHALL01202,WELEV00G02
EHALL02401_EHALL02501,EHALL02401,EHALL02501
GHALL00801_GHALL00901,GHALL00801,GHALL00901
dPATH0081_dPATH0071,dPATH0081,dPATH0071
EHALL01201_EHALL01301,EHALL01201,EHALL01301
EHALL02901_EHALL03001,EHALL02901,EHALL03001
DHALL05002_DHALL05102,DHALL05002,DHALL05102
dPATH0623_dPATH0433,dPATH0623,dPATH0433
GHALL01303_GDEPT01403,GHALL01303,GDEPT01403
GLABS014L2_GLABS015L2,GLABS014L2,GLABS015L2
dPATH008L1_dPATH007L1,dPATH008L1,dPATH007L1
DHALL03302_DHALL03902,DHALL03302,DHALL03902
dPATH0202_dPATH0172,dPATH0202,dPATH0172
CHALL012L1_CHALL013L1,CHALL012L1,CHALL013L1
ASTAI00101_AHALL00101,ASTAI00101,AHALL00101
BHALL00102_BHALL00202,BHALL00102,BHALL00202
dPATH0361_dPATH0351,dPATH0361,dPATH0351
WELEV00F01_WELEV00F02,WELEV00F01,WELEV00F02
WELEV00E01_WELEV00E02,WELEV00E01,WELEV00E02
dPATH0063_dPATH0053,dPATH0063,dPATH0053
GREST00602_GHALL00502,GREST00602,GHALL00502
dPATH0343_dPATH0333,dPATH0343,dPATH0333
BDEPT00702_BHALL01702,BDEPT00702,BHALL01702
HHALL01303_HHALL01403,HHALL01303,HHALL01403
EHALL02001_EREST00101,EHALL02001,EREST00101
HHALL00303_HHALL00203,HHALL00303,HHALL00203
HHALL00502_HRETL00202,HHALL00502,HRETL00202
IHALL01403_IREST00503,IHALL01403,IREST00503
EHALL03501_EHALL03601,EHALL03501,EHALL03601
dPATH0241_dPATH0231,dPATH0241,dPATH0231
BREST00202_BHALL00802,BREST00202,BHALL00802
dPATH0092_dPATH0072,dPATH0092,dPATH0072
GELEV00QL2_GELEV00Q03,GELEV00QL2,GELEV00Q03
GELEV00QL2_GELEV00Q02,GELEV00QL2,GELEV00Q02
GELEV00QL2_GELEV00Q01,GELEV00QL2,GELEV00Q01
AHALL00301_AHALL00401,AHALL00401,AHALL00301
dPATH011L1_dPATH010L1,dPATH011L1,dPATH010L1
GREST004L2_GHALL005L2,GREST004L2,GHALL005L2
BHALL01802_BDEPT00502,BHALL01802,BDEPT00502
GHALL00402_GHALL00202,GHALL00402,GHALL00202
dPATH007L1_dPATH006L1,dPATH007L1,dPATH006L1
AREST00103_AHALL00603,AREST00103,AHALL00603
EHALL00301_WELEV00K01,EHALL00301,WELEV00K01
AHALL00303_ALABS00203,ALABS00203,AHALL00303
WELEV00LL1_WELEV00L02,WELEV00LL1,WELEV00L02
BHALL00402_BLABS00102,BHALL00402,BLABS00102
WELEV00LL1_WELEV00L03,WELEV00LL1,WELEV00L03
WELEV00LL1_WELEV00L01,WELEV00LL1,WELEV00L01
CREST002L1_CHALL006L1,CREST002L1,CHALL006L1
EHALL02901_WELEV00H01,EHALL02901,WELEV00H01
dPATH0061_dPATH0051,dPATH0061,dPATH0051
AHALL00103_AELEV00S03,AELEV00S03,AHALL00103
dPATH0443_dPATH0433,dPATH0443,dPATH0433
DHALL01902_DHALL02002,DHALL01902,DHALL02002
HHALL00403_HHALL00303,HHALL00403,HHALL00303
GHALL00303_GDEPT00403,GHALL00303,GDEPT00403
dPATH0541_dPATH0531,dPATH0541,dPATH0531
EREST00301_ELABS00201,EREST00301,ELABS00201
BHALL04402_BHALL02802,BHALL04402,BHALL02802
DHALL04702_DHALL04902,DHALL04702,DHALL04902
dPATH0493_dPATH0483,dPATH0493,dPATH0483
AHALL00201_AHALL00301,AHALL00301,AHALL00201
EHALL01401_EHALL02401,EHALL01401,EHALL02401
GHALL013L2_GLABS014L2,GHALL013L2,GLABS014L2
GHALL03202_GSTAI02802,GHALL03202,GSTAI02802
GHALL02901_GHALL03001,GHALL02901,GHALL03001
EHALL01901_EHALL02001,EHALL01901,EHALL02001
dPATH0032_dPATH0002,dPATH0032,dPATH0002
BHALL01302_BDEPT00802,BHALL01302,BDEPT00802
GHALL01602_GHALL01502,GHALL01602,GHALL01502
FHALL03301_FDEPT00501,FHALL03301,FDEPT00501
GHALL02302_GHALL02702,GHALL02302,GHALL02702
HHALL00702_HHALL00802,HHALL00702,HHALL00802
GSTAI02802_GSTAI00501,GSTAI02802,GSTAI00501
WELEV00G01_WELEV00G02,WELEV00G01,WELEV00G02
GSTAI02602_GELEV00N02,GSTAI02602,GELEV00N02
DSTAI00202_DHALL01902,DSTAI00202,DHALL01902
HHALL01403_HHALL01503,HHALL01403,HHALL01503
CHALL005L1_WELEV00ML1,CHALL005L1,WELEV00ML1
dPATH0192_dPATH0152,dPATH0192,dPATH0152
BHALL00102_BSTAI01002,BHALL00102,BSTAI01002
GEXIT00101_GHALL00201,GEXIT00101,GHALL00201
IHALL00203_IDEPT00103,IHALL00203,IDEPT00103
GHALL03301_GHALL03401,GHALL03301,GHALL03401
WELEV00J03_IHALL02203,WELEV00J03,IHALL02203
EHALL01301_EHALL01401,EHALL01301,EHALL01401
CDEPT002L1_CDEPT003L1,CDEPT002L1,CDEPT003L1
BHALL04302_BHALL02902,BHALL04302,BHALL02902
GHALL03702_GHALL03802,GHALL03702,GHALL03802
GHALL01402_GHALL01202,GHALL01402,GHALL01202
DHALL00702_DHALL00802,DHALL00702,DHALL00802
BSTAI00102_WHALL00402,WHALL00402,BSTAI00102
BHALL01102_BHALL01202,BHALL01102,BHALL01202
WELEV00KL1_WELEV00K01,WELEV00KL1,WELEV00K01
GSERV02301_GHALL02401,GSERV02301,GHALL02401
WELEV00KL1_WELEV00K03,WELEV00KL1,WELEV00K03
DHALL03602_DSTAI00602,DHALL03602,DSTAI00602
FRETL00201_FHALL03001,FRETL00201,FHALL03001
WELEV00KL1_WELEV00K02,WELEV00KL1,WELEV00K02
dPATH000L2_dPATH013L1,dPATH000L2,dPATH013L1
BDEPT00302_WELEV00J02,BDEPT00302,WELEV00J02
FHALL02201_FHALL02101,FHALL02201,FHALL02101
WELEV00K02_WELEV00K03,WELEV00K02,WELEV00K03
WELEV00ML2_WELEV00ML1,WELEV00ML2,WELEV00ML1
dPATH0293_dPATH0273,dPATH0293,dPATH0273
dPATH0571_dPATH0561,dPATH0571,dPATH0561
BHALL01102_BHALL02302,BHALL01102,BHALL02302
WHALL00101_WHALL00201,WHALL00101,WHALL00201
IHALL02003_IDEPT00903,IHALL02003,IDEPT00903
dPATH0031_dPATH0021,dPATH0031,dPATH0021
EHALL02201_EHALL02301,EHALL02201,EHALL02301
GDEPT01403_GELEV00N03,GDEPT01403,GELEV00N03
WHALL00103_WELEV00M03,WHALL00103,WELEV00M03
BHALL04202_BHALL04302,BHALL04202,BHALL04302
dPATH0363_dPATH0333,dPATH0363,dPATH0333
dPATH0643_dPATH0623,dPATH0643,dPATH0623
FLABS00101_FHALL02301,FLABS00101,FHALL02301
DHALL05202_DHALL05302,DHALL05202,DHALL05302
CHALL002L1_CSERV001L1,CHALL002L1,CSERV001L1
IHALL02203_IDEPT00703,IHALL02203,IDEPT00703
BHALL04202_WELEV00H02,BHALL04202,WELEV00H02
HHALL00202_HRETL00102,HHALL00202,HRETL00102
dPATH0611_dPATH0581,dPATH0611,dPATH0581
CREST004L1_CLABS005L1,CREST004L1,CLABS005L1
AHALL00201_ASTAI00101,ASTAI00101,AHALL00201
FHALL01901_FHALL02001,FHALL01901,FHALL02001
dPATH0471_dPATH0461,dPATH0471,dPATH0461
dPATH0291_dPATH0271,dPATH0291,dPATH0271
BHALL03002_BSTAI00702,BHALL03002,BSTAI00702
dPATH0673_dPATH0683,dPATH0673,dPATH0683
dPATH0573_dPATH0563,dPATH0573,dPATH0563
HHALL00502_HHALL00602,HHALL00502,HHALL00602
dPATH0083_dPATH0192,dPATH0083,dPATH0192
DHALL01802_DSTAI00202,DHALL01802,DSTAI00202
dPATH0131_dPATH0121,dPATH0131,dPATH0121
GHALL007L2_GHALL008L2,GHALL007L2,GHALL008L2
HHALL01203_HHALL01303,HHALL01203,HHALL01303
HHALL01002_WHALL00502,HHALL01002,WHALL00502
AHALL00301_AHALL00801,AHALL00801,AHALL00301
dPATH0393_dPATH0383,dPATH0393,dPATH0383
BHALL04402_BINFO00202,BHALL04402,BINFO00202
BHALL04102_BHALL04202,BHALL04102,BHALL04202
EHALL01101_EHALL01201,EHALL01101,EHALL01201
FHALL03201_FDEPT00601,FHALL03201,FDEPT00601
AELEV00S01_AELEV00S03,AELEV00S01,AELEV00S03
AELEV00S01_AELEV00S02,AELEV00S01,AELEV00S02
GHALL01702_GHALL01602,GHALL01702,GHALL01602
CHALL003L2_WELEV00KL2,CHALL003L2,WELEV00KL2
BHALL01102_BHALL01002,BHALL01102,BHALL01002
DHALL00302_DHALL00502,DHALL00302,DHALL00502
DHALL05302_DINFO00202,DHALL05302,DINFO00202
WELEV00L02_WELEV00L03,WELEV00L02,WELEV00L03
WELEV00LL2_WELEV00LL1,WELEV00LL2,WELEV00LL1
dPATH0133_dPATH0123,dPATH0133,dPATH0123
dPATH0441_dPATH0411,dPATH0431,dPATH0421
IHALL01003_WELEV00H03,IHALL01003,WELEV00H03
IHALL00303_IDEPT00203,IHALL00303,IDEPT00203
CLABS002L2_WELEV00KL2,CLABS002L2,WELEV00KL2
BINFO00202_BHALL02502,BINFO00202,BHALL02502
AHALL00401_AHALL00501,AHALL00501,AHALL00401
dPATH0191_dPATH0181,dPATH0191,dPATH0181
BHALL00702_BHALL01002,BHALL00702,BHALL01002
BHALL00802_BSTAI00302,BHALL00802,BSTAI00302
dPATH0263_dPATH0253,dPATH0263,dPATH0253
GHALL01302_GHALL01102,GHALL01302,GHALL01102
BHALL03002_BHALL03302,BHALL03002,BHALL03302
dPATH0311_dPATH0301,dPATH0311,dPATH0301
DHALL00802_DHALL00902,DHALL00802,DHALL00902
DHALL04002_DHALL04102,DHALL04002,DHALL04102
DHALL04902_DHALL05002,DHALL04902,DHALL05002
FHALL01001_FHALL01301,FHALL01001,FHALL01301
DHALL05602_DELEV00D02,DHALL05602,DELEV00D02
dPATH0673_dPATH0643,dPATH0673,dPATH0643
HHALL00602_HHALL00702,HHALL00602,HHALL00702
dPATH0413_dPATH0403,dPATH0413,dPATH0403
GHALL00102_GHALL00302,GHALL00102,GHALL00302
IHALL01903_IDEPT00803,IHALL01903,IDEPT00803
dPATH0161_dPATH0151,dPATH0161,dPATH0151
dPATH0543_dPATH0533,dPATH0543,dPATH0533
dPATH0301_dPATH0291,dPATH0301,dPATH0291
dPATH0533_dPATH0493,dPATH0533,dPATH0493
GELEV00Q02_GREST03102,GELEV00Q02,GREST03102
CHALL003L1_CCONF003L1,CHALL003L1,CCONF003L1
dPATH005L2_dPATH004L2,dPATH005L2,dPATH004L2
ELABS00201_EDEPT00401,ELABS00201,EDEPT00401
GDEPT01403_GSERV01603,GDEPT01403,GSERV01603
dPATH0441_dPATH0431,dPATH0441,dPATH0431
BDEPT00102_BHALL03802,BDEPT00102,BHALL03802
BHALL03602_BHALL03802,BHALL03602,BHALL03802
WELEV00ML1_CLABS001L1,WELEV00ML1,CLABS001L1
EHALL00601_EHALL00801,EHALL00601,EHALL00801
dPATH004L1_dPATH002L1,dPATH004L1,dPATH002L1
dPATH0132_dPATH0102,dPATH0132,dPATH0102
EHALL00401_ESTAI00201,EHALL00401,ESTAI00201
dPATH0002_dPATH0003,dPATH0003,dPATH0002
GHALL02101_GHALL02201,GHALL02101,GHALL02201
dPATH0581_dPATH013L1,dPATH013L1,dPATH0581
dPATH009L1_dPATH008L1,dPATH009L1,dPATH008L1
dPATH0334_dPATH0204,dPATH0334,dPATH0204
dPATH0154_dPATH0134,dPATH0154,dPATH0134
dPATH0304_dPATH0294,dPATH0304,dPATH0294
dPATH0074_dPATH0044,dPATH0074,dPATH0044
dPATH0224_dPATH0194,dPATH0224,dPATH0194
dPATH0234_dPATH0224,dPATH0234,dPATH0224
dPATH0434_dPATH0214,dPATH0434,dPATH0214
dPATH0274_dPATH0254,dPATH0274,dPATH0254
dPATH0083_dPATH0024,dPATH0024,dPATH0023
dPATH0664_dPATH0654,dPATH0664,dPATH0654
dPATH0504_dPATH0484,dPATH0504,dPATH0484
dPATH0584_dPATH0564,dPATH0584,dPATH0564
dPATH0194_dPATH0174,dPATH0194,dPATH0174
dPATH0034_dPATH0014,dPATH0034,dPATH0014
dPATH0554_dPATH0534,dPATH0554,dPATH0534
dPATH0614_dPATH0594,dPATH0614,dPATH0594
dPATH0474_dPATH0454,dPATH0474,dPATH0454
dPATH0464_dPATH0454,dPATH0464,dPATH0454
dPATH0124_dPATH0104,dPATH0124,dPATH0104
dPATH0114_dPATH0104,dPATH0114,dPATH0104
dPATH0184_dPATH0174,dPATH0184,dPATH0174
dPATH0104_dPATH0094,dPATH0104,dPATH0094
dPATH0344_dPATH0304,dPATH0344,dPATH0304
dPATH0694_dPATH0684,dPATH0694,dPATH0684
dPATH0314_dPATH0294,dPATH0314,dPATH0294
dPATH0424_dPATH0214,dPATH0424,dPATH0214
dPATH0214_dPATH0154,dPATH0214,dPATH0154
dPATH0144_dPATH0134,dPATH0144,dPATH0134
dPATH0524_dPATH0494,dPATH0524,dPATH0494
dPATH0414_dPATH0384,dPATH0414,dPATH0384
dPATH0014_dPATH0004,dPATH0014,dPATH0004
dPATH0384_dPATH0364,dPATH0384,dPATH0364
dPATH0454_dPATH0444,dPATH0454,dPATH0444
dPATH0484_dPATH0454,dPATH0484,dPATH0454
dPATH0354_dPATH0344,dPATH0354,dPATH0344
dPATH0044_dPATH0034,dPATH0044,dPATH0034
dPATH0634_dPATH0624,dPATH0634,dPATH0624
dPATH0324_dPATH0304,dPATH0324,dPATH0304
dPATH0404_dPATH0164,dPATH0404,dPATH0164
dPATH0174_dPATH0164,dPATH0174,dPATH0164
dPATH0204_dPATH0194,dPATH0204,dPATH0194
dPATH0054_dPATH0044,dPATH0054,dPATH0044
dPATH0254_dPATH0224,dPATH0254,dPATH0224
dPATH0024_dPATH0014,dPATH0024,dPATH0014
dPATH0244_dPATH0194,dPATH0244,dPATH0194
dPATH0284_dPATH0274,dPATH0284,dPATH0274
dPATH0604_dPATH0594,dPATH0604,dPATH0594
dPATH0614_dPATH0444,dPATH0614,dPATH0444
dPATH0564_dPATH0534,dPATH0564,dPATH0534
dPATH0094_dPATH0084,dPATH0094,dPATH0084
dPATH0374_dPATH0364,dPATH0374,dPATH0364
dPATH0514_dPATH0494,dPATH0514,dPATH0494
dPATH0654_dPATH0644,dPATH0654,dPATH0644
dPATH0164_dPATH0154,dPATH0164,dPATH0154
dPATH0594_dPATH0564,dPATH0594,dPATH0564
dPATH0684_dPATH0094,dPATH0684,dPATH0094
dPATH0624_dPATH0434,dPATH0624,dPATH0434
dPATH0064_dPATH0054,dPATH0064,dPATH0054
dPATH0344_dPATH0334,dPATH0344,dPATH0334
dPATH0444_dPATH0434,dPATH0444,dPATH0434
dPATH0494_dPATH0484,dPATH0494,dPATH0484
dPATH0294_dPATH0274,dPATH0294,dPATH0274
dPATH0364_dPATH0334,dPATH0364,dPATH0334
dPATH0644_dPATH0624,dPATH0644,dPATH0624
dPATH0674_dPATH0684,dPATH0674,dPATH0684
dPATH0574_dPATH0564,dPATH0574,dPATH0564
dPATH0084_dPATH0193,dPATH0084,dPATH0083
dPATH0394_dPATH0384,dPATH0394,dPATH0384
dPATH0134_dPATH0124,dPATH0134,dPATH0124
dPATH0264_dPATH0254,dPATH0264,dPATH0254
dPATH0674_dPATH0644,dPATH0674,dPATH0644
dPATH0414_dPATH0404,dPATH0414,dPATH0404
dPATH0544_dPATH0534,dPATH0544,dPATH0534
dPATH0534_dPATH0494,dPATH0534,dPATH0494
dPATH0002_dPATH0003,dPATH0004,dPATH0003
dPATH0335_dPATH0205,dPATH0335,dPATH0205
dPATH0155_dPATH0135,dPATH0155,dPATH0135
dPATH0305_dPATH0295,dPATH0305,dPATH0295
dPATH0075_dPATH0045,dPATH0075,dPATH0045
dPATH0225_dPATH0195,dPATH0225,dPATH0195
dPATH0235_dPATH0225,dPATH0235,dPATH0225
dPATH0435_dPATH0215,dPATH0435,dPATH0215
dPATH0275_dPATH0255,dPATH0275,dPATH0255
dPATH0084_dPATH0025,dPATH0025,dPATH0024
dPATH0665_dPATH0655,dPATH0665,dPATH0655
dPATH0505_dPATH0485,dPATH0505,dPATH0485
dPATH0585_dPATH0565,dPATH0585,dPATH0565
dPATH0195_dPATH0175,dPATH0195,dPATH0175
dPATH0035_dPATH0015,dPATH0035,dPATH0015
dPATH0555_dPATH0535,dPATH0555,dPATH0535
dPATH0615_dPATH0595,dPATH0615,dPATH0595
dPATH0475_dPATH0455,dPATH0475,dPATH0455
dPATH0465_dPATH0455,dPATH0465,dPATH0455
dPATH0125_dPATH0105,dPATH0125,dPATH0105
dPATH0115_dPATH0105,dPATH0115,dPATH0105
dPATH0185_dPATH0175,dPATH0185,dPATH0175
dPATH0105_dPATH0095,dPATH0105,dPATH0095
dPATH0345_dPATH0305,dPATH0345,dPATH0305
dPATH0695_dPATH0685,dPATH0695,dPATH0685
dPATH0315_dPATH0295,dPATH0315,dPATH0295
dPATH0425_dPATH0215,dPATH0425,dPATH0215
dPATH0215_dPATH0155,dPATH0215,dPATH0155
dPATH0145_dPATH0135,dPATH0145,dPATH0135
dPATH0525_dPATH0495,dPATH0525,dPATH0495
dPATH0415_dPATH0385,dPATH0415,dPATH0385
dPATH0015_dPATH0005,dPATH0015,dPATH0005
dPATH0385_dPATH0365,dPATH0385,dPATH0365
dPATH0455_dPATH0445,dPATH0455,dPATH0445
dPATH0485_dPATH0455,dPATH0485,dPATH0455
dPATH0355_dPATH0345,dPATH0355,dPATH0345
dPATH0045_dPATH0035,dPATH0045,dPATH0035
dPATH0635_dPATH0625,dPATH0635,dPATH0625
dPATH0325_dPATH0305,dPATH0325,dPATH0305
dPATH0405_dPATH0165,dPATH0405,dPATH0165
dPATH0175_dPATH0165,dPATH0175,dPATH0165
dPATH0205_dPATH0195,dPATH0205,dPATH0195
dPATH0055_dPATH0045,dPATH0055,dPATH0045
dPATH0255_dPATH0225,dPATH0255,dPATH0225
dPATH0025_dPATH0015,dPATH0025,dPATH0015
dPATH0245_dPATH0195,dPATH0245,dPATH0195
dPATH0285_dPATH0275,dPATH0285,dPATH0275
dPATH0605_dPATH0595,dPATH0605,dPATH0595
dPATH0615_dPATH0445,dPATH0615,dPATH0445
dPATH0565_dPATH0535,dPATH0565,dPATH0535
dPATH0095_dPATH0085,dPATH0095,dPATH0085
dPATH0375_dPATH0365,dPATH0375,dPATH0365
dPATH0515_dPATH0495,dPATH0515,dPATH0495
dPATH0655_dPATH0645,dPATH0655,dPATH0645
dPATH0165_dPATH0155,dPATH0165,dPATH0155
dPATH0595_dPATH0565,dPATH0595,dPATH0565
dPATH0685_dPATH0095,dPATH0685,dPATH0095
dPATH0625_dPATH0435,dPATH0625,dPATH0435
dPATH0065_dPATH0055,dPATH0065,dPATH0055
dPATH0345_dPATH0335,dPATH0345,dPATH0335
dPATH0445_dPATH0435,dPATH0445,dPATH0435
dPATH0495_dPATH0485,dPATH0495,dPATH0485
dPATH0295_dPATH0275,dPATH0295,dPATH0275
dPATH0365_dPATH0335,dPATH0365,dPATH0335
dPATH0645_dPATH0625,dPATH0645,dPATH0625
dPATH0675_dPATH0685,dPATH0675,dPATH0685
dPATH0575_dPATH0565,dPATH0575,dPATH0565
dPATH0085_dPATH0194,dPATH0085,dPATH0084
dPATH0395_dPATH0385,dPATH0395,dPATH0385
dPATH0135_dPATH0125,dPATH0135,dPATH0125
dPATH0265_dPATH0255,dPATH0265,dPATH0255
dPATH0675_dPATH0645,dPATH0675,dPATH0645
dPATH0415_dPATH0405,dPATH0415,dPATH0405
dPATH0545_dPATH0535,dPATH0545,dPATH0535
dPATH0535_dPATH0495,dPATH0535,dPATH0495
dPATH0002_dPATH0004,dPATH0005,dPATH0004